Semantic Threshold,Termination Threshold,Accuracy (%),Avg Time (s),Avg Tokens,Total Tokens
0.2,8.0,46.67 ± 5.77,18.35 ± 1.19,2853.17 ± 559.62,28531.67 ± 5596.23
0.2,9.0,46.67 ± 15.28,37.22 ± 4.43,6403.40 ± 143.49,64034.00 ± 1434.91
0.2,9.5,33.33 ± 11.55,33.26 ± 3.21,6398.93 ± 122.51,63989.33 ± 1225.06
0.5,8.0,40.00,15.42 ± 1.01,2629.00 ± 307.91,26290.00 ± 3079.12
0.5,9.0,43.33 ± 5.77,32.25 ± 5.29,5626.30 ± 260.82,56263.00 ± 2608.22
0.5,9.5,33.33 ± 11.55,30.16 ± 3.58,5622.43 ± 293.67,56224.33 ± 2936.69
0.8,8.0,33.33 ± 15.28,12.90 ± 0.75,1534.10 ± 211.02,15341.00 ± 2110.24
0.8,9.0,43.33 ± 11.55,17.64 ± 1.71,2131.10 ± 89.96,21311.00 ± 899.58
0.8,9.5,40.00 ± 17.32,17.85 ± 1.91,2118.67 ± 64.88,21186.67 ± 648.79
