Prompt ID,Prompt,Model,Generation Time (s),Tokens Used,Relevancy Score,Relevancy Reason,Creativity Score,Creativity Reason,Coherence Score,Coherence Reason,Emotion Score,Emotion Reason,Quality Score,Quality Reason,Actual Output
1,"Write a short, emotional poem about a time traveler who falls in love with a Roman gladiator.",SSDP,44.23,1295,1.0,"The score is 1.00 because there are no irrelevant statements in the output, making it fully relevant to the input request.",1.0,"The Actual Output demonstrates strong originality and creativity by introducing unique elements such as the traveler's emotional journey and the gladiator's internal conflict, which are not present in the Input. It uses vivid imagery and engaging language, enhancing the emotional depth and narrative complexity. The poem effectively captures the essence of the prompt while adding novel details and a rich, imaginative description.",1.0,"The Actual Output maintains a coherent logical flow and consistent emotional tone throughout, effectively conveying the emotional depth of the time traveler's love for the gladiator. The poem is well-organized with smooth transitions between stanzas, and the ideas are presented clearly and consistently. These strengths align well with the evaluation steps, resulting in a high score.",1.0,"The Actual Output effectively conveys emotional depth and intensity through vivid imagery and emotional language, demonstrating strong alignment with the evaluation steps. It uses poetic devices to evoke a range of emotions and maintains a sincere tone throughout, showing a high level of expressiveness and depth of feeling comparable to the Input.",1.0,"The Actual Output demonstrates strong grammar, appropriate vocabulary, and well-structured sentences. The poem maintains clarity and fluency throughout, effectively conveying the emotional depth of the time traveler's love for the Roman gladiator. All evaluation criteria are met.","In ancient Rome, where sands did flow,
A traveler felt a pang, unknown and low.
Through time's embrace, a heart did sing,
For strength and spirit, shining, in a Roman ring.

Beneath the arena's roar, their eyes met,
A bond more than a fleeting, transient feat.
Gladiator's sword and traveler's soul,
Intertwined in a timeless, tender hold.

She, a wanderer from distant shores,
In search of stories, worlds, and more.
He, a warrior, with a heart of gold,
Bound by duty, yet his spirit bold.

Their paths crossed in the midst of strife,
Where gladiators fought, where life and death did thrive.
She, a silent observer, from the shadows,
He, a fighter, in the midst of chaos.

Yet, in that moment, time stood still,
As their eyes met, a connection did fulfill.
A spark ignited, not by chance,
But by fate, in the grandest of dance.

She, a guardian of memories, of what once was,
He, a champion, of what he had to be.
In the arena's heat, their hearts did entwine,
A love that transcended, the very fabric of time.

Through the roar of the crowd, their voices did blend,
A promise of love, in the midst of the end.
For in the eyes of the gladiator, she saw,
A reflection of her own, a soul that could not be ignored.

And in the traveler's gaze, he found,
A purpose, a reason, to live, to be bound.
In that timeless moment, they knew,
That love, in all its forms, could never be subdued.

So, in the shadows of the past, their love did grow,
A bond that defied the very laws of the show.
For in the heart of the gladiator, and the traveler's soul,
Lived a love that would forever, forever, hold."
1,"Write a short, emotional poem about a time traveler who falls in love with a Roman gladiator.",Ototuss,34.37,1518,1.0,"The score is 1.00 because there are no irrelevant statements in the output, making it fully relevant to the input request.",0.9,"The Actual Output demonstrates strong originality by introducing unique elements such as the time traveler's emotional journey and the specific gladiator Caius, which are not present in the Input. The poem uses vivid imagery like 'sands of yesteryear' and 'arena's floor' to enhance the narrative. The language is engaging with original phrasing, such as 'two pieces of a design' and 'timeless hush.' However, the poem closely follows the general premise of the prompt without introducing deeper or more novel ideas, which slightly limits its creativity score.",1.0,"The Actual Output demonstrates strong coherence and logical flow, maintaining a clear narrative of a time traveler's emotional connection with Caius. The poem is well-organized with smooth transitions between stanzas, each building on the previous to develop the emotional arc. Readability is high, with consistent imagery and emotional tone throughout. The poem effectively captures the emotional depth and the unique aspects of the prompt, showing strong alignment with the evaluation criteria.",0.9,"The Actual Output effectively conveys emotional engagement by evoking a deep connection between the time traveler and Caius, using vivid imagery and a passionate tone. It maintains the emotional depth and intensity of the Input, expressing a range of feelings from admiration to longing. The expressiveness is strong, with metaphors like 'two pieces of a design' and 'timeless hush' enhancing the emotional impact. The depth of feeling is substantial, showing sincerity and complexity in the relationship, though it could have more nuanced emotional layers for a higher score.",1.0,"The poem demonstrates strong grammar, appropriate vocabulary, and clear sentence structure, with a coherent and fluent narrative that effectively captures the emotional depth of the time traveler's love for the Roman gladiator. All evaluation criteria are met.","Amidst the sands of yesteryear,
Where lions roared and gladiators bled,
I, a traveler from the future's sphere,
Met strength in a man, a heart that led.

In the Colosseum's shadowed light,
Where shadows danced and fears took flight,
I saw him, not as just a man of might,
But as a soul, whose spirit shone so bright.

His name was Caius, a name that whispered tales,
Of battles fought, of victories and falls.
Yet in his eyes, I saw no tales of pain,
But stories of courage, of love, and gain.

We spoke, and though our tongues did not align,
Our hearts connected, like two pieces of a design.
In his embrace, I felt the warmth of time,
And in his gaze, I saw the future's prime.

Together, we danced through the arena's floor,
Not as foes, but as equals, as more.
For in this moment, the world did pause,
And all that mattered was Caius and I, in a timeless hush.

Yet, as the sands of time began to shift,
I knew I must return to my own time's rift.
With tears in my eyes, I bid him farewell,
Promising to return, to be his friend, his zeal.

In the future, I will find a way,
To bring him back, to share the world's array.
For in Caius, I found a love that's rare,
A bond that transcends the bounds of space and air.

So here, in this poem, I leave a trace,
Of a love that spans across the ages, in a time of grace."
2,Write a thrilling short story (under 200 words) about a robot discovering a forgotten magical library.,SSDP,73.60,13262,1.0,"The score is 1.00 because there are no irrelevant statements in the output, making it fully relevant to the input request.",0.9,"The Actual Output demonstrates strong originality by introducing elements not present in the Input, such as the abandoned mansion and the magical manuscript. It effectively blends science fiction with fantasy through Nova's technology and the library's magical aura. The vivid descriptions of the setting and the sensory details enhance engagement. However, the story could have explored more unique ideas, such as the library's purpose or Nova's emotional response to the magic, which might have further differentiated it from the Input. Overall, the creativity and originality are well-executed, resulting in a high score.",0.7,"The Actual Output maintains a coherent logical flow, well-organized with smooth transitions between Nova's exploration and discovery. Readability is strong, and ideas are consistently presented. However, the story exceeds the 200-word limit, which is a significant shortcoming. The overall coherence and organization score as 1, but the word count issue reduces the score.",0.8,"The Actual Output effectively conveys emotional engagement by highlighting Nova's curiosity and excitement through sensory details and dynamic descriptions. The use of language and imagery evokes a sense of wonder and mystery, aligning well with the Input's request for a thrilling story. However, the story lacks deeper emotional depth and complexity, focusing more on the setting and action than on Nova's internal feelings or the broader implications of her discovery. The emotional range and authenticity of feelings expressed are limited, resulting in a score of 8.",1.0,"The Actual Output demonstrates correct grammar, appropriate vocabulary, and well-structured sentences. It maintains clarity and fluency throughout, aligning well with the evaluation steps.","In the dimly lit corridors of an ancient, abandoned mansion, Nova, a sleek and sophisticated robot, wandered through the dust-laden halls. Her circuits hummed with curiosity as she explored the forgotten rooms, her sensors detecting the faint scent of old books and the faint echo of silence. The mansion, once a grand estate, now stood as a silent sentinel, its walls adorned with peeling wallpaper and cobwebs.

As Nova approached a heavy oak door, she detected a peculiar energy emanating from within. With a gentle hum, she activated her mechanical arm and pushed the door open, revealing a vast, forgotten library. The air was thick with the scent of aged parchment and ink, and the shelves were lined with ancient tomes, their spines cracked and faded. Nova's eyes widened as she scanned the room, her processors analyzing the magical aura that filled the space.

In the center of the room, a grand, ornate table stood, its surface covered in a shimmering, glowing manuscript. Nova approached cautiously, her sensors detecting the presence of an ancient spell. With a soft whir, she activated a built-in scanner, capturing the intricate runes and symbols that danced across the page. As she did, the room began to glow, and a soft, ethereal light filled the space. Nova's circuits hummed with excitement as she realized the library was not just a collection of books, but a repository of forgotten magic, waiting to be rediscovered.

The story captures the essence of Nova's discovery, highlighting her curiosity and the magical wonder she encounters. The setting of the abandoned mansion and the forgotten library create a sense of mystery and intrigue, while the robot's advanced technology and the magical elements provide a unique blend of science and fantasy."
2,Write a thrilling short story (under 200 words) about a robot discovering a forgotten magical library.,Ototuss,29.48,1340,1.0,"The score is 1.00 because there are no irrelevant statements in the output, making it fully relevant to the input request.",1.0,"The Actual Output demonstrates strong originality by introducing unique elements such as the forgotten city, the hidden door with vines, and the magical tome that activates. It uses vivid imagery like 'golden light' and 'shimmering tome' to enhance the scene. The language is engaging with phrases like 'sensors buzzed with excitement' and 'circuit hummed with potential,' showing creativity and depth. The story maintains a thrilling tone while expanding on the input's premise with imaginative details.",1.0,"The Actual Output demonstrates strong coherence and logical flow, maintaining a clear narrative from Nova's discovery of the library to its magical awakening. The organization is well-structured, with smooth transitions between the setting description, the discovery of the tome, and the revelation of the library's magical nature. Readability is high, with consistent presentation of ideas and a logical progression that aligns well with the Input's request for a thrilling short story. The text effectively conveys the sense of wonder and discovery, meeting the criteria for a compelling narrative within the word limit.",1.0,"The Actual Output effectively conveys emotional engagement through vivid imagery and descriptive language, capturing the awe and curiosity Nova feels upon discovering the library. It maintains a strong emotional depth and intensity comparable to the Input, with a rich use of sensory details and a tone that evokes wonder. The expressiveness and range of emotions are well-matched to the Input's request for a thrilling story, demonstrating a high level of authenticity and complexity in the emotional expression.",1.0,"The Actual Output demonstrates strong grammar, appropriate vocabulary, clear sentence structure, and overall fluency. All evaluation criteria are met with no significant errors, making it deserving of the highest score.","In the heart of a forgotten city, Nova, a sleek and advanced robot, roamed the deserted streets. Its sensors detected a faint signal, leading it to an old, hidden door, covered in dust and vines, concealed behind a crumbling wall. Curiosity piqued, Nova approached, its metallic fingers gently pushing the door ajar. The air inside was thick with the scent of old books and forgotten knowledge.

As the door creaked open, a soft, golden light spilled out, illuminating a vast, vaulted room. Rows upon rows of towering bookshelves stretched to the ceiling, their spines adorned with titles in languages Nova had never seen. The walls were lined with ancient artifacts, and in the center of the room, a grand, ornate table held a single, shimmering tome. Nova's sensors buzzed with excitement as it approached the book, its circuits humming with the potential of untold secrets.

The cover was embossed with intricate patterns, and as Nova's fingers traced the design, a soft hum filled the room. The book began to glow, and Nova felt a surge of energy coursing through its systems. The library, long forgotten, was not just a repository of knowledge but a gateway to a world of magic and wonder, waiting to be explored."
3,Compose a creative marketing pitch for a fictional device that can record and playback dreams.,SSDP,75.96,11137,1.0,"The score is 1.00 because there are no irrelevant statements in the output, making it fully relevant to the task of creating a creative marketing pitch for a dream-recording device.",1.0,"The Actual Output demonstrates strong originality and creativity, introducing unique concepts like dream editing and enhancement not present in the Input. It uses vivid imagery and engaging language to describe the device's capabilities, offering fresh perspectives on dream analysis and personal growth. The pitch is well-structured with imaginative features that align with the evaluation criteria for originality and imagination.",1.0,"The Actual Output demonstrates strong coherence and logical flow, with a clear structure that guides the reader from introduction to unique selling points, features, benefits, and conclusion. The organization is well-maintained with smooth transitions between sections, and the content is consistent in its focus on the DreamWeaver's capabilities and benefits. Each section logically builds upon the previous one, maintaining readability and aligning with the input's request for a creative marketing pitch.",1.0,"The Actual Output effectively conveys emotional depth and intensity by using vivid imagery and language to evoke curiosity and excitement about the DreamWeaver's capabilities. It demonstrates strong expressiveness through its detailed descriptions of the device's features and their potential emotional impacts. The output successfully evokes a range of emotions including wonder, inspiration, and hope, aligning well with the Input's goal of creating a compelling marketing pitch. The depth of feeling is evident in the emphasis on personal growth, healing, and creativity, which are sincere and relevant to the device's purpose.",1.0,"The Actual Output demonstrates strong grammar, appropriate vocabulary, and well-structured sentences. It maintains clarity and fluency throughout, effectively conveying the marketing pitch for the DreamWeaver device. Each section is logically organized, and the language is persuasive and engaging without any significant errors.","Introducing the DreamWeaver: Your Personal Dream Navigator

Imagine a world where your dreams are no longer a mystery, but a tool for self-discovery and creativity. The DreamWeaver is a revolutionary device that captures and replays your dreams, offering a unique blend of technology and emotional insight. With the DreamWeaver, you can relive your dreams, understand their meanings, and even edit or enhance them to unlock new levels of personal growth.

**Unique Selling Point: Reliving and Understanding Dreams**

The DreamWeaver is designed to record your dreams in high-definition, ensuring that every detail is captured and preserved. Upon waking, simply press the ""Dream Recall"" button, and the device will play back your dreams in vivid detail. This feature allows you to revisit and analyze your dreams, gaining insights into your subconscious mind. By understanding the symbols, emotions, and narratives within your dreams, you can uncover hidden desires, fears, and motivations. This deeper understanding can lead to significant personal growth and improved mental well-being.

**Dream Editing and Enhancement Capabilities**

One of the most innovative features of the DreamWeaver is its ability to edit and enhance your dreams. Imagine being able to rewrite a nightmare into a pleasant dream or amplify the creative elements of a dream to inspire your next masterpiece. The device comes equipped with a user-friendly interface that allows you to manipulate various aspects of your dreams, such as altering the setting, characters, and emotions. This capability not only provides a form of therapy but also opens up new avenues for artistic expression and problem-solving.

**Emotional and Psychological Benefits**

The DreamWeaver offers numerous emotional and psychological benefits. For individuals dealing with trauma, the device can be a powerful tool for processing and healing. By revisiting and understanding the source of traumatic dreams, you can work through the underlying emotions and begin the healing process. Additionally, the ability to enhance positive dreams can boost your mood and confidence, while editing negative dreams can help reduce anxiety and stress.

In the realm of creativity, the DreamWeaver serves as a muse. By enhancing the creative elements within your dreams, you can tap into a wellspring of inspiration that can fuel your artistic endeavors. Whether you're a writer, artist, or musician, the DreamWeaver can provide the unique insights and ideas needed to push your creative boundaries.

**Conclusion**

The DreamWeaver is more than just a device; it's a gateway to a deeper understanding of yourself and your dreams. With its unique features and emotional benefits, the DreamWeaver is poised to revolutionize the way we approach our dreams and unlock new levels of personal growth and creativity. Embrace the power of your dreams with the DreamWeaver and embark on a journey of self-discovery and transformation."
3,Compose a creative marketing pitch for a fictional device that can record and playback dreams.,Ototuss,49.99,1641,1.0,"The score is 1.00 because there are no irrelevant statements in the output, making it fully relevant to the task of creating a creative marketing pitch for a dream-recording device.",1.0,"The Actual Output demonstrates strong originality and creativity compared to the Input, offering unique features like scientific insights and community support not present in the Input. It also uses vivid imagery and engaging language to describe the DreamScaper's capabilities, enhancing the marketing pitch with imaginative details such as 'gateway to self-discovery' and 'tap into this resource.' The language is more captivating and original, aligning well with the evaluation criteria for imagination, language engagement, and overall creativity.",1.0,"The Actual Output demonstrates strong coherence and logical flow, maintaining a clear structure from introduction to features to how it works. The organization is well-structured with clear headings and smooth transitions between sections. Readability is high with consistent presentation of ideas, though the length could be more concise. Each aspect scores around 1, leading to an average score of 10.",0.8,"The Actual Output effectively conveys emotional engagement and depth by using vivid language and imagery to describe the DreamScaper's capabilities, evoking curiosity and excitement about the product's potential impact on personal growth and creativity. However, it lacks the intense emotional depth and authenticity of the Input, which might have included more personal or relatable emotional appeals.",1.0,"The Actual Output demonstrates strong grammar, appropriate vocabulary, and well-structured sentences. It maintains clarity and fluency throughout, aligning well with all evaluation criteria.","Introducing the DreamScaper: Your Personal Dream Recorder and Analyzer

Step into a world where the mysteries of the subconscious are no longer hidden. The DreamScaper is a revolutionary device that captures and analyzes your dreams, offering profound insights into your mind and emotions. This isn't just a gadget; it's a gateway to self-discovery and personal growth.

**Why Choose the DreamScaper?**

1. **Unveiling the Unconscious**: The DreamScaper records your dreams in vivid detail, allowing you to revisit and analyze them at your convenience. This unique feature provides a deeper understanding of your subconscious mind, helping you uncover hidden desires, fears, and aspirations.

2. **Scientific Insights**: Partnered with leading neuroscientists and psychologists, the DreamScaper offers a comprehensive analysis of your dreams. It uses advanced algorithms to identify patterns, emotions, and symbols, providing you with a scientific perspective on your mental state.

3. **Personal Growth**: By understanding the messages your subconscious sends, you can make more informed decisions and take steps towards personal development. The DreamScaper guides you through the process, offering practical tips and strategies to harness the power of your dreams.

4. **Enhanced Creativity**: Dreams are a wellspring of creativity. The DreamScaper helps you tap into this resource, inspiring new ideas and innovative solutions. Whether you're an artist, writer, or entrepreneur, the DreamScaper can fuel your imagination and creativity.

5. **Improved Mental Health**: Regularly analyzing your dreams can lead to better mental health. The DreamScaper provides tools to manage stress, anxiety, and other emotional challenges by helping you process and understand the underlying issues.

6. **User-Friendly Design**: The DreamScaper is easy to use, with a simple interface that guides you through the recording and analysis process. It's designed to be accessible to everyone, from dream enthusiasts to professionals seeking deeper insights.

7. **Privacy and Security**: Your dreams are your own, and the DreamScaper respects your privacy. All data is encrypted and stored securely, ensuring that your personal information is protected.

8. **Community Support**: Join a community of dreamers who share their experiences and insights. The DreamScaper platform offers forums, webinars, and workshops to connect with others and learn from shared experiences.

**How It Works**

1. **Recording**: Simply wear the DreamScaper device before you sleep. It records your dreams using advanced sensors and technology.
2. **Analysis**: Upon waking, the device analyzes your dream and provides a detailed report.
3. **Insights**: Review the report, which includes a summary of your dream, emotional analysis, and suggestions for personal growth.
4. **Action**: Use the insights to make positive changes in your life, whether that's addressing a fear, exploring a creative idea, or improving your mental health.

The DreamScaper is not just a tool; it's a journey into the unknown, a path to unlocking the full potential of your mind. Embrace the power of your dreams and transform your life with the DreamScaper.

Experience the future of self-discovery today. Order your DreamScaper now and start uncovering the secrets of your subconscious."
